model,cv_folds,roc_auc_mean,roc_auc_std,average_precision_mean,average_precision_std,fit_time_mean_seconds
Tuned HistGradientBoosting,5,0.786941628301417,0.004152219557497966,0.5615805886353163,0.008233879239470186,0.8296476840972901
HistGradientBoosting,5,0.783244759542758,0.0030864236066626026,0.5562177384440924,0.0018247392655474182,0.5704389095306397
Logistic Regression,5,0.773006888515731,0.005117666898694253,0.5319498168551807,0.013357357388304047,0.3209394931793213
Random Forest,5,0.7717978285438083,0.004063716704979044,0.5349120868452989,0.002816332648478619,2.9478038787841796
